label,n_positive,mean_prob
acute_ischemic_stroke,281,0.56664
acute_subdural_hematoma,47,0.1633
airway_obstruction,23,0.10923
aneurysm_clip,33,0.0947
aneurysm_coil,60,0.14815
aneurysmal_subarachnoid_hemorrhage,47,0.14472
arachnoid_cyst,67,0.24332
arterial_dissection,87,0.26498
basal_ganglia_calcification,195,0.43525
brain_contusion,59,0.23807
brain_herniation,61,0.13928
brain_lead,5,0.02832
brain_mass_effect,112,0.28324
burr_hole,59,0.14786
carotid_cavernous_fistula,12,0.04714
catheter,82,0.26428
cavernous_malformation_cavernoma,98,0.29974
cerebral_abscess,28,0.13003
cerebral_arteriovenous_malformation,94,0.21086
cerebral_atrophy,178,0.38873
cerebral_edema,147,0.37396
cerebral_foreign_body,36,0.18602
cerebral_subdural_empyema,9,0.0495
cerebral_venous_sinus_thrombosis,112,0.29604
chiari_malformation,66,0.1628
cholesteatoma,10,0.03544
colloid_cyst,86,0.22596
craniofacial_injury,27,0.16275
cranioplasty_implant,15,0.09449
craniotomy,46,0.12537
dandy_walker_malformation,3,0.00996
diffuse_axonal_injury,22,0.08034
displaced_skull_fracture,38,0.1693
dysgenesis_corpus_callosum,12,0.03079
embolization_material,57,0.13979
encephalomalacia_gliosis,250,0.50615
epidural_hematoma,88,0.27216
extra_axial_brain_tumor,183,0.45138
head_neck_enlarged_lymph_node,32,0.18272
head_neck_tumor,36,0.17416
intra_axial_brain_tumor,141,0.38273
intracranial_aneurysm,102,0.31927
intracranial_atherosclerosis,160,0.35664
intracranial_epidermoid_dermoid_cyst,31,0.1586
intracranial_hemorrhage,117,0.32849
intracranial_hypotension,6,0.02756
intracranial_pressure_monitor,18,0.04642
intraparenchymal_hemorrhage,108,0.31779
intraventricular_hemorrhage,61,0.17676
large_vessel_occlusion,173,0.4303
mastoid_effusion,74,0.23682
mega_cisterna_magna,25,0.07461
midline_shift,60,0.15958
nondisplaced_skull_fracture,39,0.1807
obstructive_hydrocephalus,100,0.21924
orbital_emphysema,23,0.08951
orbital_trauma,74,0.26251
orbital_tumor,58,0.2145
otitis_media,49,0.17085
parathyroid_nodule,5,0.04301
peritonsillar_abscess,1,0.00937
pharyngeal_abscess,0,0.00866
pineal_tumor,27,0.08853
pituitary_tumor,48,0.18067
pneumocephalus,25,0.0998
posterior_fossa_tumors,77,0.24099
postsurgical_changes,59,0.20365
resection_cavity,27,0.07679
scalp_hemorrhage_hematoma,9,0.07081
sinusitis,24,0.16488
skull_base_fracture,37,0.13443
skull_bone_tumor,182,0.40544
slit_ventricle,23,0.065
small_vessel_ischemic_disease,206,0.42601
spinal_degenerative_changes,21,0.17865
spine_tumor,141,0.34413
subacute_chronic_subdural_hematoma,51,0.18124
subdural_hygroma_effusions,38,0.12212
thyroid_nodule,19,0.12377
transependymal_flow,73,0.1762
traumatic_subarachnoid_hemorrhage,60,0.18642
ventriculomegaly,199,0.39364
